,school,sex,age,address,famsize,Pstatus,Medu,Fedu,Mjob,Fjob,reason,nursery,internet,guardian,traveltime,studytime,failures,schoolsup,famsup,paid,activities,higher,romantic,famrel,freetime,goout,Dalc,Walc,health,absences,firstperiodGradeMath,secondperiodGradeMath,thirdperiodGradeMath,firstperiodGradePort,secondperiodGradePort,thirdperiodGradePort
0,GP,F,15,R,GT3,T,1,1,at_home,other,home,yes,yes,mother,2,4,1,yes,yes,yes,yes,yes,no,3,1,2,1,1,1,2,7,10,10,13,13,13
1,GP,F,15,R,GT3,T,1,1,other,other,reputation,no,yes,mother,1,2,2,yes,yes,no,no,yes,yes,3,3,4,2,4,5,2,8,6,5,13,11,11
2,GP,F,15,R,GT3,T,2,2,at_home,other,reputation,yes,no,mother,1,1,0,yes,yes,yes,yes,yes,no,4,3,1,1,1,2,8,14,13,13,14,13,12
3,GP,F,15,R,GT3,T,2,4,services,health,course,yes,yes,mother,1,3,0,yes,yes,yes,yes,yes,no,4,3,2,1,1,5,2,10,9,8,10,11,10
4,GP,F,15,R,GT3,T,3,3,services,services,reputation,yes,yes,other,2,3,2,no,yes,yes,yes,yes,yes,4,2,1,2,3,3,8,10,10,10,13,13,13
5,GP,F,15,R,GT3,T,3,4,services,health,course,yes,yes,mother,1,3,0,yes,yes,yes,yes,yes,no,4,3,2,1,1,5,2,12,12,11,11,12,12
6,GP,F,15,R,GT3,T,3,4,services,teacher,course,yes,yes,father,2,3,2,no,yes,no,no,yes,yes,4,2,2,2,2,5,0,12,0,0,10,11,12
7,GP,F,15,R,LE3,T,2,2,health,services,reputation,yes,yes,mother,2,2,0,yes,yes,yes,no,yes,no,4,1,3,1,3,4,2,8,9,8,11,10,11
8,GP,F,15,R,LE3,T,3,1,other,other,reputation,no,yes,father,2,4,0,no,yes,no,no,yes,no,4,4,2,2,3,3,12,16,16,16,15,15,15
9,GP,F,15,U,GT3,A,3,3,other,health,reputation,yes,no,father,1,4,0,yes,no,no,no,yes,no,4,3,3,1,1,4,10,10,11,11,10,10,10
10,GP,F,15,U,GT3,A,4,3,services,services,reputation,yes,yes,mother,1,2,0,no,yes,yes,yes,yes,no,4,3,2,1,1,1,0,14,15,15,15,14,15
11,GP,F,15,U,GT3,T,1,1,at_home,other,course,no,yes,mother,3,1,0,no,yes,no,yes,yes,yes,4,3,3,1,2,4,0,8,0,0,11,12,13
12,GP,F,15,U,GT3,T,1,1,other,other,home,no,yes,father,1,2,0,no,yes,no,yes,yes,no,4,3,2,2,3,4,2,9,10,10,13,12,12
13,GP,F,15,U,GT3,T,1,1,other,services,course,yes,yes,father,1,2,0,no,yes,yes,no,yes,no,4,4,2,1,2,5,0,8,11,11,12,12,12
14,GP,F,15,U,GT3,T,1,2,at_home,other,course,no,yes,mother,1,2,0,no,yes,yes,no,yes,no,4,3,2,1,1,5,2,10,11,11,13,12,13
15,GP,F,15,U,GT3,T,1,2,at_home,services,course,no,yes,mother,1,2,0,no,no,no,no,yes,no,3,2,3,1,2,1,2,16,15,15,14,14,14
16,GP,F,15,U,GT3,T,2,1,services,other,reputation,yes,yes,father,3,3,0,no,yes,no,yes,yes,no,5,2,2,1,1,4,4,10,12,12,10,12,13
17,GP,F,15,U,GT3,T,2,2,other,other,course,yes,yes,mother,1,4,0,yes,yes,yes,no,yes,no,5,1,2,1,1,3,8,7,8,8,10,10,10
18,GP,F,15,U,GT3,T,2,3,other,other,other,yes,no,father,2,1,0,no,yes,no,yes,yes,no,3,5,1,1,1,5,0,8,7,6,11,11,11
19,GP,F,15,U,GT3,T,3,2,health,services,home,yes,yes,father,1,2,3,no,yes,no,no,yes,no,3,3,2,1,1,3,0,6,7,0,11,11,11
20,GP,F,15,U,GT3,T,3,2,services,other,home,yes,yes,mother,2,2,0,yes,yes,yes,no,yes,no,4,3,5,1,1,2,26,7,6,6,11,10,10
21,GP,F,15,U,GT3,T,4,2,health,services,home,yes,yes,mother,1,3,0,no,yes,yes,yes,yes,yes,3,2,2,1,1,5,2,15,14,15,14,14,14
22,GP,F,15,U,GT3,T,4,2,other,other,reputation,yes,yes,mother,1,3,0,no,yes,no,yes,yes,no,5,3,3,1,3,1,4,13,14,14,15,15,15
23,GP,F,15,U,GT3,T,4,3,services,other,reputation,yes,yes,mother,1,1,0,no,no,yes,yes,yes,no,4,5,5,1,3,1,4,16,17,18,14,13,13
24,GP,F,15,U,GT3,T,4,4,services,at_home,course,yes,yes,mother,1,3,0,no,yes,no,yes,yes,yes,4,3,3,1,1,5,0,11,0,0,13,14,15
25,GP,F,15,U,GT3,T,4,4,services,services,course,yes,yes,mother,1,1,0,yes,yes,yes,no,yes,no,3,3,4,2,3,5,0,8,10,11,13,12,12
26,GP,F,15,U,GT3,T,4,4,services,services,reputation,yes,yes,father,2,2,2,no,no,yes,no,yes,yes,4,4,4,2,3,5,6,7,9,8,12,11,12
27,GP,F,15,U,GT3,T,4,4,services,teacher,other,no,yes,father,1,2,1,yes,yes,no,yes,yes,no,4,4,4,1,1,3,2,7,7,7,13,12,12
28,GP,F,15,U,GT3,T,4,4,teacher,health,reputation,yes,yes,mother,1,2,0,no,yes,yes,no,yes,no,3,3,3,1,2,2,0,10,8,9,14,14,14
29,GP,F,15,U,GT3,T,4,4,teacher,services,course,yes,yes,mother,1,3,0,no,yes,yes,yes,yes,no,4,2,2,1,1,5,2,9,11,11,13,13,13
30,GP,F,15,U,GT3,T,4,4,teacher,teacher,course,yes,yes,mother,2,1,0,no,no,no,yes,yes,no,4,3,2,1,1,5,0,16,16,15,13,14,14
31,GP,F,15,U,LE3,A,3,3,other,other,other,yes,yes,mother,1,1,0,no,no,yes,no,yes,no,5,3,4,4,4,1,6,10,13,13,13,12,13
32,GP,F,15,U,LE3,A,3,4,other,other,home,yes,yes,mother,1,2,0,yes,no,no,yes,yes,yes,5,3,2,1,1,1,0,7,10,11,10,11,11
33,GP,F,15,U,LE3,A,4,3,other,other,course,yes,yes,mother,1,2,0,yes,yes,yes,yes,yes,yes,5,2,2,1,1,5,8,8,8,6,10,11,11
34,GP,F,15,U,LE3,T,1,1,at_home,other,other,yes,yes,mother,1,2,3,yes,no,yes,no,yes,no,4,3,2,2,3,3,10,7,8,10,12,13,12
35,GP,F,15,U,LE3,T,3,2,services,other,reputation,yes,yes,mother,1,2,0,no,yes,yes,no,yes,no,4,4,4,1,1,5,10,7,6,6,12,11,11
36,GP,F,15,U,LE3,T,4,2,health,other,other,yes,yes,mother,1,2,0,no,yes,yes,no,yes,no,4,3,3,1,1,5,2,11,13,13,16,14,16
37,GP,F,15,U,LE3,T,4,3,services,services,reputation,yes,yes,father,1,2,0,yes,no,no,yes,yes,yes,4,4,4,2,4,2,0,10,10,10,13,12,12
38,GP,F,16,R,GT3,T,2,2,services,services,reputation,no,yes,mother,2,4,0,no,yes,yes,yes,yes,no,5,3,5,1,1,5,6,10,10,11,13,13,13
39,GP,F,16,R,GT3,T,3,3,services,other,reputation,yes,yes,father,1,3,1,yes,yes,no,yes,yes,no,4,1,2,1,1,2,0,7,10,10,11,11,11
40,GP,F,16,R,GT3,T,4,4,health,teacher,other,yes,no,mother,1,2,0,no,yes,no,yes,yes,no,2,4,4,2,3,4,6,10,11,11,17,16,16
41,GP,F,16,U,GT3,A,2,1,other,other,other,yes,yes,mother,1,2,0,no,no,yes,yes,yes,yes,5,3,4,1,1,2,8,8,9,10,12,13,12
42,GP,F,16,U,GT3,A,2,2,other,other,reputation,yes,yes,mother,1,2,0,yes,yes,yes,no,yes,no,3,3,4,1,1,4,0,12,13,14,13,13,13
43,GP,F,16,U,GT3,A,3,1,services,other,course,yes,yes,mother,1,2,3,no,yes,yes,no,yes,no,2,3,3,2,2,4,5,7,7,7,11,11,12
44,GP,F,16,U,GT3,A,3,3,other,other,course,no,yes,other,2,1,2,no,yes,no,yes,yes,yes,4,3,2,1,1,5,0,4,0,0,9,9,10
45,GP,F,16,U,GT3,A,3,4,services,other,course,yes,yes,father,1,1,0,no,no,no,no,yes,no,3,2,1,1,4,5,16,12,11,11,15,13,14
46,GP,F,16,U,GT3,T,1,1,at_home,other,home,yes,no,mother,2,1,0,no,yes,yes,no,yes,no,4,3,2,1,4,5,6,9,9,10,12,13,13
47,GP,F,16,U,GT3,T,1,1,services,services,course,no,yes,father,4,1,0,yes,yes,no,yes,yes,yes,5,5,5,5,5,5,6,10,8,11,10,10,16
48,GP,F,16,U,GT3,T,1,3,at_home,services,home,no,yes,mother,1,2,3,no,no,no,yes,yes,yes,4,3,5,1,1,3,0,8,7,0,14,13,13
49,GP,F,16,U,GT3,T,2,1,other,other,course,yes,no,mother,1,2,0,no,yes,yes,no,yes,yes,4,3,5,1,1,5,2,8,9,10,13,12,12
50,GP,F,16,U,GT3,T,2,1,other,other,home,yes,yes,mother,1,1,0,no,no,no,no,yes,yes,4,5,2,1,1,5,20,13,12,12,9,10,10
51,GP,F,16,U,GT3,T,2,2,at_home,other,home,yes,yes,mother,1,2,1,yes,no,no,yes,yes,no,3,1,2,1,1,5,6,10,13,13,8,10,10
52,GP,F,16,U,GT3,T,2,2,other,other,home,no,yes,mother,1,2,0,no,yes,yes,no,yes,no,5,1,5,1,1,4,0,6,7,0,12,12,13
53,GP,F,16,U,GT3,T,2,2,other,other,home,yes,yes,mother,1,2,0,no,no,yes,no,yes,yes,5,4,4,1,1,5,0,8,7,8,12,11,11
54,GP,F,16,U,GT3,T,2,2,other,other,reputation,yes,yes,mother,1,4,0,no,no,yes,no,yes,yes,5,2,3,1,3,3,0,11,11,11,13,13,13
55,GP,F,16,U,GT3,T,2,2,services,other,reputation,no,yes,mother,2,2,0,no,no,yes,yes,yes,no,3,4,4,1,4,5,2,13,13,11,13,12,14
56,GP,F,16,U,GT3,T,2,2,services,services,home,no,yes,mother,1,1,2,no,yes,yes,no,yes,no,1,2,2,1,3,5,14,6,9,8,10,11,12
57,GP,F,16,U,GT3,T,2,3,other,other,reputation,yes,no,mother,1,2,0,yes,yes,yes,yes,yes,no,4,4,3,1,3,4,6,8,10,10,11,12,12
58,GP,F,16,U,GT3,T,2,3,services,services,course,yes,yes,mother,1,2,0,no,no,no,no,yes,no,4,3,3,1,1,2,10,11,12,13,12,12,13
59,GP,F,16,U,GT3,T,2,3,services,teacher,other,yes,yes,mother,1,2,0,yes,no,no,no,yes,no,2,3,1,1,1,3,2,16,16,17,13,13,14
60,GP,F,16,U,GT3,T,3,1,services,other,course,yes,yes,mother,1,4,0,yes,yes,yes,no,yes,no,4,3,3,1,2,5,4,7,7,6,10,9,10
61,GP,F,16,U,GT3,T,3,2,other,other,reputation,yes,yes,mother,1,2,0,no,yes,yes,no,yes,no,1,2,2,1,2,1,14,12,13,12,14,15,16
62,GP,F,16,U,GT3,T,3,3,other,other,home,yes,no,father,1,2,0,no,yes,yes,no,yes,no,4,3,2,1,2,5,4,6,10,10,11,13,13
63,GP,F,16,U,GT3,T,3,3,other,other,home,yes,yes,mother,1,3,0,no,yes,yes,no,yes,yes,4,3,3,1,3,4,0,7,7,8,9,11,11
64,GP,F,16,U,GT3,T,3,3,other,other,reputation,yes,no,mother,3,2,0,yes,yes,no,yes,yes,no,5,3,2,1,1,4,4,8,10,10,13,14,14
65,GP,F,16,U,GT3,T,3,3,other,services,home,yes,yes,mother,1,2,0,yes,yes,yes,yes,yes,no,4,3,3,2,4,5,54,11,12,11,11,11,11
66,GP,F,16,U,GT3,T,3,4,at_home,other,course,yes,yes,mother,1,2,0,no,yes,no,no,yes,no,2,4,3,1,2,3,12,5,5,5,12,11,11
67,GP,F,16,U,GT3,T,4,2,health,services,home,yes,yes,father,1,2,0,no,no,yes,no,yes,yes,4,2,3,1,1,3,0,14,15,16,17,17,18
68,GP,F,16,U,GT3,T,4,2,services,other,course,yes,yes,mother,1,2,0,no,yes,no,no,yes,no,4,2,3,1,1,5,2,15,16,16,16,15,16
69,GP,F,16,U,GT3,T,4,2,teacher,services,home,yes,yes,mother,2,2,0,no,yes,yes,yes,yes,no,5,3,3,1,1,1,0,11,10,10,13,14,14
70,GP,F,16,U,GT3,T,4,3,health,other,home,yes,yes,mother,1,2,0,no,yes,no,yes,yes,no,4,3,5,1,5,2,2,16,16,16,14,14,15
71,GP,F,16,U,GT3,T,4,3,other,at_home,course,yes,yes,mother,1,3,0,yes,yes,yes,no,yes,no,5,3,5,1,1,3,0,7,9,8,12,13,13
72,GP,F,16,U,GT3,T,4,3,teacher,health,home,yes,yes,mother,1,3,0,yes,yes,yes,yes,yes,no,3,4,4,2,4,4,2,10,9,9,14,13,13
73,GP,F,16,U,GT3,T,4,3,teacher,other,other,yes,yes,mother,1,2,0,no,no,yes,yes,yes,yes,1,3,2,1,1,1,10,11,12,13,14,15,15
74,GP,F,16,U,GT3,T,4,4,health,health,reputation,yes,yes,mother,1,2,0,no,yes,yes,no,yes,yes,4,4,2,1,1,3,0,14,14,14,16,16,17
75,GP,F,16,U,GT3,T,4,4,health,other,home,yes,yes,mother,1,1,0,no,yes,no,no,yes,no,4,4,4,1,2,2,4,14,14,14,17,17,17
76,GP,F,16,U,GT3,T,4,4,other,other,reputation,no,yes,mother,1,1,0,no,no,no,yes,yes,no,5,3,4,1,2,1,6,11,14,14,12,13,13
77,GP,F,16,U,GT3,T,4,4,services,services,reputation,yes,yes,mother,1,3,0,no,yes,yes,yes,yes,no,3,2,3,1,2,2,6,13,14,14,13,13,14
78,GP,F,16,U,GT3,T,4,4,teacher,services,home,no,yes,mother,1,3,0,no,yes,no,yes,yes,no,5,3,2,1,1,5,0,13,13,14,15,16,16
79,GP,F,16,U,LE3,A,3,3,other,services,home,yes,yes,mother,1,2,0,no,yes,no,no,yes,no,2,3,5,1,4,3,12,11,12,11,13,12,13
80,GP,F,16,U,LE3,T,1,1,at_home,at_home,course,yes,yes,mother,1,1,0,no,no,no,no,yes,no,3,4,4,3,3,1,2,14,14,13,10,11,11
81,GP,F,16,U,LE3,T,1,2,other,services,reputation,yes,yes,father,1,2,0,yes,no,no,yes,yes,no,4,4,3,1,1,1,4,8,10,9,13,13,10
82,GP,F,16,U,LE3,T,2,2,at_home,other,course,yes,no,mother,1,2,0,no,yes,no,no,yes,no,4,3,4,1,2,2,4,8,7,6,13,11,11
83,GP,F,16,U,LE3,T,2,2,other,at_home,course,yes,yes,father,2,2,1,yes,no,no,yes,yes,no,4,3,3,2,2,5,14,10,10,9,10,11,11
84,GP,F,16,U,LE3,T,2,2,other,other,home,no,yes,mother,2,2,1,no,yes,no,yes,yes,yes,3,3,3,1,2,3,25,7,10,11,11,11,10
85,GP,F,16,U,LE3,T,2,2,services,services,course,yes,yes,mother,3,2,0,no,yes,yes,no,yes,no,4,3,3,2,3,4,2,12,13,13,14,13,13
86,GP,F,16,U,LE3,T,2,4,other,health,course,yes,yes,father,2,2,0,no,yes,yes,yes,yes,yes,4,2,2,1,2,5,2,13,13,13,14,12,13
87,GP,F,16,U,LE3,T,3,1,other,other,home,yes,no,father,1,2,0,yes,yes,no,no,yes,no,3,3,3,2,3,2,4,7,6,6,12,13,12
88,GP,F,16,U,LE3,T,3,3,other,other,reputation,yes,yes,mother,2,2,0,no,yes,yes,yes,yes,no,4,4,5,1,1,4,4,10,11,9,14,14,15
89,GP,F,16,U,LE3,T,4,3,teacher,services,course,yes,yes,mother,3,2,0,no,yes,no,yes,yes,no,5,4,3,1,2,1,2,16,15,15,16,15,16
90,GP,F,16,U,LE3,T,4,4,health,health,other,yes,yes,mother,1,3,0,no,yes,yes,yes,yes,yes,5,4,5,1,1,4,4,14,15,16,15,15,14
91,GP,F,16,U,LE3,T,4,4,teacher,teacher,reputation,yes,yes,mother,1,2,0,no,yes,yes,no,yes,no,4,5,2,1,2,3,0,9,9,10,11,10,11
92,GP,F,17,R,GT3,A,3,2,other,other,home,yes,yes,mother,1,2,0,no,yes,yes,no,yes,no,4,3,3,2,3,2,4,9,10,10,14,14,16
93,GP,F,17,R,GT3,T,2,1,at_home,services,course,yes,no,mother,3,2,0,no,no,no,yes,yes,no,2,1,1,1,1,3,2,13,11,11,13,13,13
94,GP,F,17,R,GT3,T,2,1,at_home,services,reputation,yes,yes,mother,2,2,0,no,yes,no,yes,yes,no,4,2,5,1,2,5,2,6,6,6,11,10,11
95,GP,F,17,R,GT3,T,2,2,other,other,reputation,yes,yes,mother,1,1,0,no,yes,no,no,yes,no,5,3,2,1,2,3,18,7,6,6,13,13,13
96,GP,F,17,R,GT3,T,2,4,at_home,other,course,yes,yes,father,1,3,0,no,yes,no,no,yes,yes,4,4,3,1,1,5,7,12,14,14,15,15,15
97,GP,F,17,R,GT3,T,3,4,at_home,services,course,no,yes,father,1,3,0,no,yes,yes,yes,yes,no,4,3,4,2,5,5,0,11,11,10,15,15,17
98,GP,F,17,R,GT3,T,4,3,teacher,other,reputation,yes,yes,mother,2,3,0,no,yes,yes,yes,yes,yes,4,4,2,1,1,4,6,7,7,7,11,12,12
99,GP,F,17,R,LE3,T,2,2,services,services,course,yes,yes,mother,1,3,0,no,yes,yes,yes,yes,no,3,3,2,2,2,3,3,11,11,11,11,11,10
100,GP,F,17,R,LE3,T,3,1,services,other,reputation,yes,no,mother,2,4,0,no,yes,yes,no,yes,no,3,1,2,1,1,3,6,18,18,18,18,19,19
101,GP,F,17,R,LE3,T,4,4,services,other,other,yes,no,mother,1,1,0,no,yes,yes,no,yes,no,5,2,1,1,2,3,12,8,10,10,12,11,11
102,GP,F,17,U,GT3,A,2,1,other,other,course,yes,yes,mother,2,3,0,no,no,no,yes,yes,yes,3,2,3,1,2,3,10,12,10,12,15,15,16
103,GP,F,17,U,GT3,A,2,2,at_home,at_home,home,yes,yes,father,1,2,1,no,yes,no,no,yes,yes,3,3,1,1,2,4,0,9,8,0,10,12,14
104,GP,F,17,U,GT3,A,3,3,health,other,reputation,no,yes,mother,1,2,0,no,yes,no,no,yes,yes,3,3,3,1,3,3,6,8,7,9,12,13,14
105,GP,F,17,U,GT3,A,4,3,services,services,course,yes,yes,mother,1,2,0,no,yes,yes,no,yes,yes,5,2,2,1,2,5,23,13,13,13,15,14,17
106,GP,F,17,U,GT3,A,4,4,other,teacher,home,yes,no,mother,2,2,0,yes,yes,no,no,yes,no,4,1,4,1,1,1,6,6,5,6,10,13,13
107,GP,F,17,U,GT3,T,1,1,at_home,other,course,no,yes,father,1,2,0,no,yes,no,no,yes,no,5,3,3,1,1,3,4,5,5,6,9,11,11
108,GP,F,17,U,GT3,T,1,1,at_home,other,reputation,yes,no,mother,1,3,1,no,yes,no,yes,yes,yes,4,3,4,1,1,5,0,6,5,0,12,12,12
109,GP,F,17,U,GT3,T,1,1,at_home,services,course,yes,yes,mother,1,2,0,no,no,no,yes,yes,no,5,3,3,1,1,3,0,8,8,9,12,11,12
110,GP,F,17,U,GT3,T,1,1,other,other,course,no,no,mother,1,2,0,no,yes,yes,no,yes,no,4,4,4,1,3,1,4,9,9,10,14,15,15
111,GP,F,17,U,GT3,T,1,1,services,teacher,reputation,yes,yes,mother,1,3,0,no,yes,yes,no,yes,no,4,3,3,1,1,3,6,13,12,12,13,13,14
112,GP,F,17,U,GT3,T,2,2,at_home,at_home,course,yes,yes,mother,1,3,0,no,yes,yes,yes,yes,no,4,3,3,1,1,4,4,9,10,10,12,12,13
113,GP,F,17,U,GT3,T,2,2,other,other,course,no,yes,mother,1,2,0,no,yes,no,no,yes,no,5,4,5,1,2,5,4,10,9,11,12,12,14
114,GP,F,17,U,GT3,T,2,2,other,other,course,yes,no,mother,1,2,0,no,yes,no,no,yes,yes,4,2,2,1,1,3,12,11,9,9,14,13,13
115,GP,F,17,U,GT3,T,2,3,at_home,other,home,yes,no,father,2,1,0,no,yes,yes,no,yes,no,3,3,3,1,4,3,3,7,7,8,12,13,13
116,GP,F,17,U,GT3,T,2,4,at_home,health,reputation,yes,yes,mother,2,2,0,no,yes,yes,no,yes,yes,4,3,3,1,1,1,2,10,10,10,15,16,16
117,GP,F,17,U,GT3,T,2,4,services,services,reputation,yes,no,father,1,2,0,no,yes,no,yes,yes,no,5,4,2,2,3,5,0,16,17,17,17,18,17
118,GP,F,17,U,GT3,T,3,1,services,services,course,no,yes,father,1,3,0,no,yes,no,no,yes,no,3,4,3,2,3,5,1,12,14,15,17,18,17
119,GP,F,17,U,GT3,T,3,2,health,health,reputation,no,yes,father,1,4,0,no,yes,yes,yes,yes,no,5,2,2,1,2,5,0,17,17,18,18,18,18
120,GP,F,17,U,GT3,T,3,2,other,other,course,no,yes,mother,1,2,0,no,no,no,yes,yes,no,5,3,4,1,3,3,10,16,15,15,17,18,17
121,GP,F,17,U,GT3,T,3,2,other,other,home,yes,yes,mother,1,2,0,no,yes,yes,no,yes,yes,4,3,2,2,3,2,0,7,8,0,12,13,15
122,GP,F,17,U,GT3,T,3,3,other,other,home,no,no,mother,1,3,0,no,no,no,yes,yes,no,3,2,3,1,1,4,4,10,9,9,15,12,13
123,GP,F,17,U,GT3,T,3,4,at_home,services,home,yes,yes,mother,1,3,1,no,yes,yes,no,yes,yes,4,4,3,3,4,5,28,10,9,9,8,9,8
124,GP,F,17,U,GT3,T,3,4,services,other,course,yes,yes,mother,1,3,0,no,no,no,no,yes,no,4,4,5,1,3,5,16,16,15,15,11,13,14
125,GP,F,17,U,GT3,T,4,2,other,other,reputation,yes,yes,mother,2,3,0,no,yes,yes,no,yes,no,4,3,3,1,1,3,0,15,12,14,16,16,16
126,GP,F,17,U,GT3,T,4,3,health,other,reputation,yes,yes,mother,1,3,0,no,yes,yes,yes,yes,yes,4,4,3,1,3,4,0,13,15,15,11,12,13
127,GP,F,17,U,GT3,T,4,3,health,services,reputation,yes,yes,mother,1,3,0,no,yes,yes,no,yes,no,4,2,2,1,2,3,0,15,15,15,17,18,18
128,GP,F,17,U,GT3,T,4,3,other,other,reputation,yes,yes,mother,1,2,2,no,no,yes,no,yes,yes,3,4,5,2,4,1,22,6,6,4,11,9,10
129,GP,F,17,U,GT3,T,4,4,other,teacher,course,yes,no,mother,1,1,0,yes,yes,no,no,yes,yes,4,2,1,1,1,4,0,11,11,12,13,13,13
130,GP,F,17,U,GT3,T,4,4,services,teacher,home,yes,yes,mother,2,1,1,no,yes,no,no,yes,no,4,2,4,2,3,2,24,18,18,18,14,15,16
131,GP,F,17,U,GT3,T,4,4,teacher,services,course,yes,yes,mother,1,3,0,no,yes,yes,yes,yes,no,5,4,4,1,3,4,7,10,9,9,11,11,12
132,GP,F,17,U,GT3,T,4,4,teacher,services,course,yes,yes,mother,1,3,0,no,yes,yes,yes,yes,no,5,4,4,1,3,4,7,10,9,9,13,12,13
133,GP,F,17,U,GT3,T,4,4,teacher,teacher,course,no,yes,mother,2,3,0,no,yes,yes,no,yes,yes,4,3,3,1,2,4,4,14,14,14,15,14,15
134,GP,F,17,U,LE3,T,0,2,at_home,at_home,home,yes,yes,father,2,3,0,no,no,no,no,yes,no,3,3,3,2,3,2,0,16,15,15,14,14,15
135,GP,F,17,U,LE3,T,2,2,other,other,course,yes,yes,father,1,1,0,no,yes,no,no,yes,yes,3,4,4,1,3,5,12,10,13,12,13,12,12
136,GP,F,17,U,LE3,T,2,2,services,other,course,yes,yes,mother,2,2,0,yes,yes,yes,no,yes,yes,4,4,4,2,3,5,6,12,12,12,12,12,12
137,GP,F,17,U,LE3,T,2,2,services,services,course,yes,yes,father,1,4,0,no,no,yes,yes,yes,yes,3,4,1,1,1,2,0,10,9,0,10,11,12
138,GP,F,17,U,LE3,T,2,4,services,services,course,yes,yes,father,1,2,0,no,no,no,yes,yes,yes,4,3,2,1,1,5,0,14,15,15,14,15,16
139,GP,F,17,U,LE3,T,3,2,other,other,reputation,yes,yes,mother,2,2,0,no,no,yes,no,yes,no,4,4,4,1,3,1,2,14,15,15,14,16,15
140,GP,F,17,U,LE3,T,3,3,other,other,reputation,yes,yes,mother,1,2,0,no,yes,no,yes,yes,yes,5,3,3,2,3,1,56,9,9,8,14,13,14
141,GP,F,17,U,LE3,T,4,2,teacher,services,reputation,yes,yes,mother,1,4,0,no,yes,yes,yes,yes,no,4,2,3,1,1,4,6,14,12,13,14,15,17
142,GP,F,17,U,LE3,T,4,3,health,other,reputation,yes,yes,father,1,2,0,no,no,no,yes,yes,yes,3,2,3,1,2,3,14,13,13,14,14,12,12
143,GP,F,18,R,GT3,A,3,2,other,services,home,no,yes,mother,2,2,0,no,no,no,no,no,yes,4,1,1,1,1,5,75,10,9,9,12,9,10
144,GP,F,18,R,GT3,T,1,1,at_home,other,course,no,no,mother,3,1,3,no,yes,no,yes,yes,no,5,2,5,1,5,4,6,9,8,10,11,10,11
145,GP,F,18,R,GT3,T,2,1,other,other,reputation,yes,yes,mother,2,2,0,no,yes,no,no,no,yes,4,3,5,1,2,3,0,6,0,0,8,9,10
146,GP,F,18,R,GT3,T,2,2,at_home,other,course,yes,no,mother,2,4,0,no,no,no,yes,yes,no,4,4,4,1,1,4,0,10,9,0,14,13,14
147,GP,F,18,R,GT3,T,3,1,other,other,reputation,yes,yes,mother,1,2,1,no,no,no,yes,yes,yes,5,3,3,1,1,4,16,9,8,7,8,8,8
148,GP,F,18,R,GT3,T,4,4,teacher,other,reputation,yes,yes,mother,2,2,0,no,no,yes,yes,yes,no,4,3,4,2,2,4,8,12,10,11,10,11,12
149,GP,F,18,R,LE3,T,1,1,at_home,other,reputation,yes,no,mother,2,4,0,no,yes,yes,yes,yes,no,5,2,2,1,1,3,1,12,12,12,17,17,18
150,GP,F,18,U,GT3,A,4,4,at_home,teacher,course,yes,no,mother,2,2,0,yes,no,no,no,yes,no,4,3,4,1,1,3,6,5,6,6,0,11,11
151,GP,F,18,U,GT3,T,1,1,other,other,home,yes,yes,mother,2,2,0,yes,no,no,yes,yes,no,5,4,4,1,1,4,4,8,9,10,12,13,13
152,GP,F,18,U,GT3,T,1,1,other,other,home,yes,yes,mother,2,2,0,yes,no,no,yes,yes,no,5,4,4,1,1,4,4,8,9,10,14,14,14
153,GP,F,18,U,GT3,T,2,1,other,other,course,no,yes,other,2,3,0,no,yes,yes,no,yes,yes,4,4,4,1,1,3,0,7,0,0,12,10,11
154,GP,F,18,U,GT3,T,2,1,services,other,course,yes,yes,mother,2,2,0,no,yes,yes,yes,yes,no,5,3,3,1,2,1,0,8,8,0,12,12,15
155,GP,F,18,U,GT3,T,2,2,at_home,at_home,other,yes,yes,mother,1,3,0,no,yes,yes,no,yes,no,4,3,3,1,2,2,5,18,18,19,18,18,18
156,GP,F,18,U,GT3,T,2,2,at_home,services,home,yes,yes,mother,1,3,0,no,yes,yes,yes,yes,yes,4,3,3,1,1,3,0,9,10,0,11,12,13
157,GP,F,18,U,GT3,T,2,3,at_home,other,course,yes,yes,mother,1,3,0,no,yes,no,no,yes,no,4,3,3,1,2,3,4,11,10,10,11,12,14
158,GP,F,18,U,GT3,T,2,3,other,services,reputation,yes,yes,father,1,4,0,no,yes,yes,yes,yes,yes,4,5,5,1,3,2,4,15,14,14,16,16,16
159,GP,F,18,U,GT3,T,3,2,other,services,other,yes,yes,mother,1,3,0,no,no,no,no,yes,yes,5,4,3,2,3,1,7,13,13,14,14,16,17
160,GP,F,18,U,GT3,T,3,3,services,services,home,yes,yes,mother,1,2,0,no,no,no,yes,yes,no,5,3,4,1,1,4,0,7,0,0,10,11,12
161,GP,F,18,U,GT3,T,4,3,other,other,course,yes,yes,mother,1,3,0,no,yes,yes,yes,yes,yes,4,3,4,1,1,5,9,9,10,9,14,15,17
162,GP,F,18,U,GT3,T,4,3,other,other,reputation,yes,yes,father,1,4,0,no,yes,yes,no,yes,no,4,3,3,1,1,3,0,14,13,14,16,17,17
163,GP,F,18,U,GT3,T,4,3,services,other,home,yes,yes,father,1,2,0,no,yes,yes,no,yes,yes,3,1,2,1,3,2,21,17,18,18,15,15,15
164,GP,F,18,U,GT3,T,4,4,health,health,reputation,yes,yes,father,1,2,1,yes,yes,no,yes,yes,yes,2,4,4,1,1,4,15,9,8,8,14,12,13
165,GP,F,18,U,GT3,T,4,4,teacher,other,course,yes,yes,mother,1,2,0,no,yes,yes,no,yes,no,4,4,4,3,3,5,2,11,11,11,12,11,13
166,GP,F,18,U,LE3,A,4,4,health,other,home,yes,yes,mother,1,2,0,no,yes,no,no,yes,yes,4,2,4,1,1,4,14,12,10,11,14,15,15
167,GP,F,18,U,LE3,T,1,1,other,other,home,no,no,mother,2,2,0,no,yes,yes,no,yes,no,4,4,3,1,1,3,2,11,11,11,13,13,13
168,GP,F,18,U,LE3,T,2,2,other,other,home,no,yes,other,1,2,0,no,no,no,yes,yes,yes,4,3,3,1,1,2,0,8,8,0,10,9,12
169,GP,F,18,U,LE3,T,3,3,services,services,home,yes,yes,mother,1,4,0,no,yes,no,no,yes,no,5,3,3,1,1,1,7,16,15,17,14,14,15
170,GP,F,18,U,LE3,T,4,3,other,other,home,yes,yes,other,2,2,0,no,yes,yes,no,yes,yes,4,4,5,1,2,2,10,10,8,8,13,14,14
171,GP,F,19,U,GT3,T,0,1,at_home,other,course,no,no,other,1,2,3,no,yes,no,no,no,no,3,4,2,1,1,5,2,7,8,9,9,10,11
172,GP,F,19,U,GT3,T,3,3,other,other,reputation,yes,yes,other,1,4,0,no,yes,yes,yes,yes,no,4,3,3,1,2,3,10,8,8,8,12,12,12
173,GP,F,19,U,GT3,T,3,3,other,services,home,yes,yes,other,1,2,2,no,yes,yes,yes,yes,no,4,3,5,3,3,5,15,9,9,9,11,12,12
174,GP,F,19,U,GT3,T,4,4,health,other,reputation,yes,yes,other,2,2,0,no,yes,yes,yes,yes,no,2,3,4,2,3,2,0,10,9,0,14,13,13
175,GP,M,15,R,GT3,T,2,1,health,services,reputation,yes,yes,mother,1,2,0,no,no,no,yes,yes,yes,5,4,2,1,1,5,8,9,9,9,10,9,10
176,GP,M,15,R,GT3,T,2,3,at_home,services,course,yes,no,mother,1,2,0,yes,no,yes,yes,yes,no,4,4,4,1,1,1,2,11,8,8,7,8,8
177,GP,M,15,R,GT3,T,3,4,at_home,teacher,course,yes,no,mother,4,2,0,no,yes,no,no,yes,yes,5,3,3,1,1,5,0,9,0,0,12,11,11
178,GP,M,15,R,GT3,T,4,3,teacher,at_home,course,yes,yes,mother,1,2,0,no,yes,no,yes,yes,yes,4,5,2,1,1,5,0,17,16,16,13,14,15
179,GP,M,15,R,GT3,T,4,4,other,other,home,yes,yes,father,4,4,0,no,yes,yes,yes,yes,yes,1,3,5,3,5,1,6,10,13,13,12,10,11
180,GP,M,15,U,GT3,A,2,2,other,other,home,yes,yes,other,1,3,0,no,yes,no,no,yes,yes,4,5,2,1,1,3,0,14,16,16,14,14,15
181,GP,M,15,U,GT3,A,3,4,services,other,course,yes,yes,mother,1,2,0,no,yes,yes,yes,yes,no,5,4,4,1,1,1,0,16,18,18,16,16,16
182,GP,M,15,U,GT3,A,4,4,other,services,reputation,no,yes,mother,1,4,0,no,yes,no,yes,yes,yes,1,3,3,5,5,3,4,13,13,12,11,12,12
183,GP,M,15,U,GT3,T,2,2,other,other,home,yes,yes,mother,1,1,0,no,yes,yes,no,yes,no,4,2,2,1,2,5,2,12,12,11,11,12,12
184,GP,M,15,U,GT3,T,2,2,services,services,course,yes,yes,father,1,1,0,yes,yes,no,no,yes,no,5,4,1,1,1,1,0,8,8,11,9,10,10
185,GP,M,15,U,GT3,T,2,2,services,services,home,yes,yes,father,1,4,0,no,yes,yes,yes,yes,no,5,5,4,1,2,5,6,16,14,15,14,13,13
186,GP,M,15,U,GT3,T,2,3,other,other,home,no,yes,mother,1,3,0,yes,no,yes,no,yes,no,5,3,2,1,2,5,4,11,10,11,10,9,9
187,GP,M,15,U,GT3,T,2,3,other,services,course,no,yes,father,1,1,0,yes,yes,yes,yes,yes,yes,3,2,2,1,3,3,2,10,12,12,11,11,12
188,GP,M,15,U,GT3,T,3,4,other,other,home,yes,yes,mother,1,2,0,no,yes,yes,yes,yes,no,5,5,1,1,1,5,0,14,15,15,12,12,13
189,GP,M,15,U,GT3,T,3,4,other,other,reputation,yes,yes,father,1,1,0,no,no,no,no,yes,no,3,4,3,1,2,4,6,14,13,13,14,13,14
190,GP,M,15,U,GT3,T,3,4,services,services,home,yes,yes,father,1,1,0,yes,no,no,no,yes,no,5,5,5,3,2,5,0,13,13,12,9,9,9
191,GP,M,15,U,GT3,T,4,0,teacher,other,course,yes,yes,mother,2,4,0,no,no,no,yes,yes,no,3,4,3,1,1,1,8,11,11,10,12,11,11
192,GP,M,15,U,GT3,T,4,2,health,services,other,yes,yes,mother,1,1,0,no,no,yes,no,yes,no,2,2,4,2,4,1,4,15,16,15,11,11,11
193,GP,M,15,U,GT3,T,4,2,other,other,course,yes,yes,mother,1,4,0,no,no,no,no,yes,no,3,3,3,1,1,3,0,10,10,10,11,9,10
194,GP,M,15,U,GT3,T,4,2,teacher,other,home,yes,no,mother,1,2,0,no,yes,yes,no,yes,no,4,3,3,2,2,5,2,15,15,14,11,12,13
195,GP,M,15,U,GT3,T,4,3,teacher,other,course,yes,yes,mother,2,2,0,no,yes,yes,no,yes,no,5,4,3,1,2,3,2,10,10,11,12,12,13
196,GP,M,15,U,GT3,T,4,3,teacher,other,home,yes,yes,mother,1,2,0,no,yes,yes,yes,yes,no,4,3,3,2,3,5,6,9,9,10,11,11,11
197,GP,M,15,U,GT3,T,4,3,teacher,other,reputation,yes,yes,mother,1,2,0,no,no,no,no,yes,no,4,4,1,1,1,1,0,13,14,15,12,13,14
198,GP,M,15,U,GT3,T,4,3,teacher,services,course,yes,yes,father,2,4,0,yes,yes,no,no,yes,no,2,2,2,1,1,3,0,7,9,0,9,11,11
199,GP,M,15,U,GT3,T,4,4,health,health,other,yes,yes,father,1,1,0,no,yes,yes,no,yes,no,5,4,2,1,1,5,0,12,15,15,11,12,12
200,GP,M,15,U,GT3,T,4,4,health,services,home,no,yes,mother,1,2,0,no,yes,yes,no,yes,no,5,4,2,3,4,5,0,9,11,12,10,11,11
201,GP,M,15,U,GT3,T,4,4,other,teacher,reputation,yes,no,father,2,2,0,no,yes,no,yes,yes,no,4,4,3,1,1,2,2,11,13,14,16,15,16
202,GP,M,15,U,GT3,T,4,4,services,other,course,no,yes,mother,1,1,0,no,yes,no,yes,yes,no,5,3,3,1,1,5,4,10,13,14,12,13,12
203,GP,M,15,U,GT3,T,4,4,services,services,reputation,yes,yes,mother,2,2,0,no,yes,no,yes,yes,no,4,3,1,1,1,5,0,17,16,17,15,15,15
204,GP,M,15,U,GT3,T,4,4,services,teacher,course,yes,yes,father,1,2,0,no,yes,no,yes,yes,no,4,3,3,1,1,5,2,19,18,18,14,15,15
205,GP,M,15,U,GT3,T,4,4,teacher,health,reputation,yes,no,mother,1,2,0,no,yes,no,yes,yes,no,3,2,2,1,1,5,4,14,15,15,15,15,16
206,GP,M,15,U,LE3,A,2,1,services,other,course,yes,yes,mother,4,1,3,no,no,no,no,yes,no,4,5,5,2,5,5,0,8,9,10,12,11,11
207,GP,M,15,U,LE3,A,3,2,services,other,home,yes,yes,mother,1,2,0,no,yes,yes,no,yes,no,4,2,2,1,1,1,0,16,18,19,15,16,17
208,GP,M,15,U,LE3,A,4,2,health,health,other,yes,no,father,2,1,1,no,no,no,no,yes,no,5,5,5,3,4,5,6,11,11,10,10,9,9
209,GP,M,15,U,LE3,A,4,4,teacher,teacher,course,yes,yes,mother,1,1,0,no,no,no,yes,yes,no,5,5,3,1,1,4,6,18,19,19,13,14,14
210,GP,M,15,U,LE3,T,1,2,other,at_home,home,yes,yes,father,1,2,0,yes,yes,no,yes,yes,no,4,3,2,1,1,5,2,9,10,9,14,13,14
211,GP,M,15,U,LE3,T,2,2,services,health,reputation,yes,yes,mother,1,4,0,no,yes,no,yes,yes,no,4,3,4,1,1,4,6,11,13,14,11,12,12
212,GP,M,15,U,LE3,T,2,2,services,services,home,yes,yes,mother,2,2,0,no,no,yes,yes,yes,no,5,3,3,1,3,4,4,15,15,15,13,12,13
213,GP,M,15,U,LE3,T,3,3,other,other,course,no,yes,mother,1,2,0,no,no,no,yes,yes,no,5,3,2,1,1,2,0,8,10,12,13,12,12
214,GP,M,15,U,LE3,T,4,2,teacher,other,course,yes,yes,mother,1,1,0,no,no,no,no,yes,no,3,5,2,1,1,3,10,18,19,19,18,17,18
215,GP,M,15,U,LE3,T,4,3,teacher,services,home,yes,yes,mother,1,3,0,no,yes,no,yes,yes,no,5,4,3,1,1,4,2,15,16,18,14,14,14
216,GP,M,15,U,LE3,T,4,4,health,services,course,yes,yes,father,1,1,0,no,yes,yes,yes,yes,no,4,3,3,1,3,5,2,14,14,14,12,13,12
217,GP,M,15,U,LE3,T,4,4,teacher,other,home,no,yes,other,1,1,0,no,yes,no,no,yes,yes,5,4,3,2,4,5,8,12,12,12,10,11,11
218,GP,M,16,R,GT3,A,4,4,other,teacher,reputation,yes,yes,mother,2,3,0,no,yes,no,yes,yes,yes,2,4,3,1,1,5,7,15,16,15,13,13,13
219,GP,M,16,R,GT3,T,2,1,other,other,course,no,no,mother,2,1,0,no,no,no,yes,yes,no,3,3,2,1,3,3,0,8,9,8,14,13,12
220,GP,M,16,R,GT3,T,2,2,at_home,other,course,no,no,mother,3,1,0,no,no,no,no,yes,no,4,2,2,1,2,3,2,17,15,15,12,10,11
221,GP,M,16,R,GT3,T,3,3,services,services,reputation,yes,yes,mother,1,1,0,no,yes,no,yes,yes,no,4,3,2,3,4,5,8,8,9,10,11,10,10
222,GP,M,16,R,GT3,T,4,2,teacher,services,other,yes,yes,mother,1,1,0,no,yes,no,yes,yes,yes,4,3,3,3,4,3,10,10,8,9,10,9,11
223,GP,M,16,R,GT3,T,4,3,services,other,reputation,no,yes,mother,2,1,0,yes,yes,no,yes,yes,no,3,3,3,1,1,4,2,11,15,15,9,11,11
224,GP,M,16,R,GT3,T,4,4,teacher,teacher,course,yes,yes,mother,1,1,0,no,no,yes,yes,yes,no,3,5,5,2,5,4,8,18,18,18,14,14,15
225,GP,M,16,R,LE3,T,3,3,teacher,other,home,yes,yes,father,3,1,0,no,yes,yes,yes,yes,no,3,3,4,3,5,3,8,9,9,10,10,11,12
226,GP,M,16,U,GT3,T,0,2,other,other,other,no,yes,mother,1,1,0,no,no,yes,no,yes,no,4,3,2,2,4,5,0,13,15,15,11,12,11
227,GP,M,16,U,GT3,T,1,0,other,other,reputation,yes,yes,mother,2,2,0,no,yes,yes,yes,yes,yes,4,3,2,1,1,3,2,13,15,16,16,17,18
228,GP,M,16,U,GT3,T,1,2,services,services,other,yes,yes,mother,1,1,0,no,yes,yes,yes,yes,yes,3,3,3,1,2,3,2,11,12,11,10,9,11
229,GP,M,16,U,GT3,T,2,1,other,other,course,yes,yes,mother,3,1,0,no,no,no,no,yes,no,4,3,3,1,1,4,6,18,18,18,15,16,16
230,GP,M,16,U,GT3,T,2,2,other,other,course,yes,yes,father,1,2,0,no,no,no,no,no,no,4,3,5,2,4,4,4,10,10,10,9,10,11
231,GP,M,16,U,GT3,T,2,2,services,other,reputation,no,yes,father,2,2,1,no,no,yes,yes,yes,no,4,4,2,1,1,3,12,11,10,10,12,10,11
232,GP,M,16,U,GT3,T,2,3,other,other,home,yes,yes,father,2,1,0,no,no,no,no,yes,no,5,3,3,1,1,3,0,13,14,14,13,12,12
233,GP,M,16,U,GT3,T,3,1,other,other,reputation,yes,no,mother,1,1,0,no,no,no,yes,yes,no,5,3,2,2,2,5,2,12,12,14,13,13,14
234,GP,M,16,U,GT3,T,3,1,other,other,reputation,yes,yes,father,2,4,0,no,yes,yes,no,yes,no,4,3,2,1,1,5,0,13,15,15,13,11,11
235,GP,M,16,U,GT3,T,3,2,at_home,other,reputation,yes,yes,mother,2,3,0,no,no,no,yes,yes,yes,5,3,3,1,3,2,10,11,9,10,12,12,12
236,GP,M,16,U,GT3,T,3,2,other,other,home,no,yes,mother,1,1,0,no,yes,yes,no,yes,no,5,4,3,1,1,5,0,12,14,15,12,12,12
237,GP,M,16,U,GT3,T,3,3,at_home,other,reputation,no,yes,other,3,2,0,yes,yes,no,no,yes,no,5,3,3,1,3,2,6,7,10,10,9,11,10
238,GP,M,16,U,GT3,T,3,3,other,services,course,yes,yes,father,1,2,1,no,yes,yes,no,yes,yes,4,5,5,4,4,5,4,10,12,12,10,10,1
239,GP,M,16,U,GT3,T,3,3,other,services,home,yes,yes,father,2,1,0,no,no,no,yes,yes,no,5,4,2,1,1,5,0,13,14,13,14,14,15
240,GP,M,16,U,GT3,T,3,3,services,other,home,yes,yes,father,1,3,0,no,yes,no,yes,yes,no,5,3,3,1,1,5,2,16,18,18,13,14,14
241,GP,M,16,U,GT3,T,3,3,services,other,home,yes,yes,father,1,3,0,no,yes,no,yes,yes,no,5,3,3,1,1,5,2,16,18,18,11,12,13
242,GP,M,16,U,GT3,T,3,3,services,other,home,yes,yes,mother,1,2,0,no,no,yes,yes,yes,yes,4,2,3,1,2,3,2,12,13,12,13,14,14
243,GP,M,16,U,GT3,T,3,3,services,other,home,yes,yes,mother,1,2,0,no,no,yes,yes,yes,yes,4,2,3,1,2,3,2,12,13,12,11,12,13
244,GP,M,16,U,GT3,T,3,4,other,other,course,no,yes,father,3,1,2,no,yes,no,yes,yes,no,3,4,5,2,4,2,0,6,5,0,9,9,10
245,GP,M,16,U,GT3,T,4,3,health,services,reputation,yes,yes,mother,1,4,0,no,no,no,yes,yes,no,4,2,2,1,1,2,4,19,19,20,17,17,17
246,GP,M,16,U,GT3,T,4,3,teacher,other,home,yes,yes,mother,1,2,0,no,yes,yes,yes,yes,no,3,4,3,2,3,3,10,9,8,8,11,10,11
247,GP,M,16,U,GT3,T,4,4,health,other,course,yes,yes,mother,1,1,0,no,yes,no,yes,yes,no,3,4,4,1,4,5,18,14,11,13,12,13,13
248,GP,M,16,U,GT3,T,4,4,health,other,reputation,yes,yes,father,1,2,0,no,yes,yes,yes,yes,no,4,2,4,2,4,1,2,14,13,13,13,13,14
249,GP,M,16,U,GT3,T,4,4,services,services,course,yes,yes,mother,1,1,0,no,no,no,yes,yes,no,5,3,2,1,2,5,0,13,12,12,14,15,15
250,GP,M,16,U,GT3,T,4,4,services,services,course,yes,yes,mother,1,1,0,no,no,no,yes,yes,no,5,3,2,1,2,5,0,13,12,12,15,13,13
251,GP,M,16,U,GT3,T,4,4,services,services,other,yes,yes,mother,1,1,0,yes,yes,yes,yes,yes,no,4,5,5,5,5,4,14,7,7,5,9,9,8
252,GP,M,16,U,GT3,T,4,4,services,teacher,other,yes,yes,father,1,3,0,no,yes,no,yes,yes,yes,4,4,3,1,1,4,0,16,17,17,16,16,16
253,GP,M,16,U,GT3,T,4,4,teacher,teacher,course,yes,yes,mother,1,1,0,no,yes,no,no,no,yes,3,3,2,2,1,5,0,7,6,0,16,14,14
254,GP,M,16,U,GT3,T,4,4,teacher,teacher,course,yes,yes,mother,1,1,0,no,yes,no,no,no,yes,3,3,2,2,1,5,0,7,6,0,9,9,8
255,GP,M,16,U,GT3,T,4,4,teacher,teacher,course,yes,yes,father,1,2,0,no,yes,no,yes,yes,no,5,4,4,1,2,5,2,15,15,16,16,14,14
256,GP,M,16,U,GT3,T,4,4,teacher,teacher,course,yes,yes,father,1,2,0,no,yes,no,yes,yes,no,5,4,4,1,2,5,2,15,15,16,9,9,8
257,GP,M,16,U,GT3,T,4,4,teacher,teacher,home,yes,yes,mother,1,2,0,no,yes,yes,yes,yes,yes,4,4,5,5,5,5,16,10,12,11,12,11,12
258,GP,M,16,U,LE3,A,3,4,services,other,home,yes,yes,mother,1,2,0,yes,yes,no,yes,yes,no,5,3,3,1,1,5,4,11,11,11,12,12,13
259,GP,M,16,U,LE3,A,4,4,teacher,health,reputation,yes,no,mother,1,2,0,no,yes,no,no,yes,no,4,1,3,3,5,5,18,8,6,7,9,9,10
260,GP,M,16,U,LE3,T,1,1,other,other,home,yes,yes,mother,2,2,0,no,yes,yes,no,yes,no,3,4,2,1,1,5,18,9,7,6,9,9,9
261,GP,M,16,U,LE3,T,1,1,services,other,course,yes,no,mother,1,2,1,no,no,no,no,yes,yes,4,4,4,1,3,5,0,14,12,12,10,10,10
262,GP,M,16,U,LE3,T,2,1,at_home,other,course,yes,no,mother,1,1,1,no,no,no,yes,yes,yes,4,4,4,3,5,5,6,12,13,14,9,10,10
263,GP,M,16,U,LE3,T,2,1,other,other,course,yes,yes,mother,1,2,0,no,no,yes,yes,yes,yes,4,2,3,1,2,5,0,15,15,15,13,14,16
264,GP,M,16,U,LE3,T,2,2,other,other,home,yes,yes,mother,1,2,0,no,no,no,no,yes,no,4,4,4,1,1,3,0,12,12,11,13,12,13
265,GP,M,16,U,LE3,T,2,2,other,other,reputation,yes,yes,mother,2,2,0,no,yes,no,yes,yes,no,5,4,4,2,4,5,0,13,13,12,10,10,10
266,GP,M,16,U,LE3,T,2,2,services,services,reputation,yes,yes,father,2,1,2,no,yes,no,yes,yes,no,2,3,3,2,2,2,8,9,9,9,12,11,11
267,GP,M,16,U,LE3,T,4,2,teacher,other,course,yes,yes,mother,1,2,0,no,no,no,yes,yes,no,4,5,1,1,3,5,2,15,15,16,12,13,14
268,GP,M,16,U,LE3,T,4,3,health,other,home,yes,yes,father,1,1,0,no,no,yes,yes,yes,no,3,1,3,1,3,5,4,8,10,10,12,12,12
269,GP,M,16,U,LE3,T,4,3,services,other,reputation,yes,yes,mother,1,2,0,no,yes,yes,yes,yes,no,5,4,2,1,2,5,10,15,15,15,12,12,13
270,GP,M,16,U,LE3,T,4,3,teacher,other,course,no,yes,mother,1,1,0,no,no,no,yes,yes,no,5,4,5,1,1,3,0,6,0,0,14,14,15
271,GP,M,17,R,GT3,T,1,2,at_home,at_home,home,no,no,mother,1,2,0,no,yes,yes,yes,yes,yes,3,5,2,2,2,1,2,15,14,14,16,17,18
272,GP,M,17,R,GT3,T,1,2,at_home,other,home,yes,no,mother,1,2,0,no,no,no,no,yes,no,3,1,3,1,5,3,4,8,9,10,9,9,10
273,GP,M,17,R,GT3,T,1,3,other,other,course,yes,yes,father,3,2,1,no,yes,no,yes,yes,no,5,2,4,1,4,5,20,9,7,8,12,11,11
274,GP,M,17,R,GT3,T,2,1,other,other,course,no,yes,mother,1,1,0,no,no,no,no,yes,no,4,4,2,2,4,5,0,8,12,12,12,12,13
275,GP,M,17,R,GT3,T,2,2,other,other,course,yes,yes,father,2,2,0,no,yes,yes,yes,yes,no,4,5,2,1,1,1,4,11,11,11,12,13,13
276,GP,M,17,R,GT3,T,2,2,services,other,course,yes,yes,mother,4,1,0,no,yes,no,no,yes,no,4,4,5,5,5,4,8,11,10,10,11,10,10
277,GP,M,17,R,GT3,T,3,4,at_home,other,course,yes,no,mother,3,2,0,no,no,no,no,yes,no,5,4,5,2,4,5,0,10,0,0,10,9,10
278,GP,M,17,R,LE3,A,4,4,teacher,other,course,yes,yes,mother,2,2,0,no,yes,yes,no,yes,no,3,3,3,2,3,4,2,10,11,12,12,12,12
279,GP,M,17,R,LE3,T,1,1,other,services,course,yes,no,mother,4,2,3,no,no,no,yes,no,yes,5,3,5,1,5,5,0,5,8,7,8,8,8
280,GP,M,17,R,LE3,T,1,2,other,other,reputation,yes,no,mother,1,1,0,no,no,no,no,yes,no,2,2,2,3,3,5,8,16,12,13,9,8,10
281,GP,M,17,R,LE3,T,2,1,at_home,other,course,yes,yes,mother,2,1,2,no,no,no,yes,no,yes,3,3,2,2,2,5,0,7,6,0,8,8,9
282,GP,M,17,U,GT3,T,1,1,other,other,reputation,no,yes,father,1,2,0,no,no,yes,no,yes,no,4,3,3,1,2,4,2,12,10,11,12,12,12
283,GP,M,17,U,GT3,T,1,2,at_home,services,other,no,yes,other,2,2,0,no,no,yes,yes,yes,no,4,4,4,4,5,5,12,7,8,8,10,11,12
284,GP,M,17,U,GT3,T,2,1,other,other,home,yes,yes,mother,1,1,3,no,yes,no,no,yes,no,5,4,5,1,2,5,0,5,0,0,9,9,10
285,GP,M,17,U,GT3,T,2,1,other,other,home,yes,yes,mother,1,1,3,no,yes,no,no,yes,no,5,4,5,1,2,5,0,5,0,0,9,7,6
286,GP,M,17,U,GT3,T,2,1,other,other,home,yes,yes,mother,2,1,3,yes,yes,no,yes,no,no,4,5,1,1,1,3,2,8,8,10,9,9,10
287,GP,M,17,U,GT3,T,2,1,other,other,home,yes,yes,mother,2,1,3,yes,yes,no,yes,no,no,4,5,1,1,1,3,2,8,8,10,9,7,6
288,GP,M,17,U,GT3,T,2,3,other,other,course,yes,yes,father,2,1,0,no,no,no,no,yes,no,5,2,2,1,1,2,4,12,12,13,9,12,13
289,GP,M,17,U,GT3,T,3,1,services,other,other,yes,yes,mother,1,2,0,no,no,yes,yes,yes,yes,5,4,4,3,4,5,2,9,9,10,11,11,14
290,GP,M,17,U,GT3,T,3,2,services,services,course,yes,yes,mother,1,1,3,no,yes,no,yes,yes,no,5,5,5,2,4,5,16,6,5,5,8,8,7
291,GP,M,17,U,GT3,T,3,3,health,other,home,yes,yes,mother,1,1,0,no,yes,yes,no,yes,no,4,4,3,1,3,5,4,14,12,11,14,15,15
292,GP,M,17,U,GT3,T,3,3,other,other,reputation,no,yes,father,1,2,0,no,no,no,yes,yes,no,4,3,4,1,4,4,4,6,5,6,11,9,10
293,GP,M,17,U,GT3,T,3,3,other,services,reputation,no,yes,mother,1,1,0,no,no,no,yes,yes,no,4,3,5,3,5,5,3,14,15,16,17,18,17
294,GP,M,17,U,GT3,T,3,3,services,services,other,yes,yes,mother,1,2,0,no,yes,no,yes,yes,yes,4,3,4,2,3,4,12,12,12,11,11,13,14
295,GP,M,17,U,GT3,T,4,3,other,other,course,yes,yes,mother,1,2,0,no,yes,no,yes,yes,yes,5,2,3,1,1,2,4,10,10,11,11,11,13
296,GP,M,17,U,GT3,T,4,4,services,teacher,home,yes,yes,mother,1,1,0,no,no,no,no,yes,no,5,2,3,1,2,5,4,17,15,16,13,13,14
297,GP,M,17,U,GT3,T,4,4,teacher,teacher,reputation,yes,yes,mother,1,2,0,yes,yes,no,yes,yes,yes,4,5,5,1,3,2,14,11,9,9,13,13,13
298,GP,M,17,U,LE3,A,3,2,teacher,services,home,yes,yes,mother,1,1,1,no,no,no,no,yes,no,4,4,4,3,4,3,19,11,9,10,13,13,13
299,GP,M,17,U,LE3,A,4,1,services,other,home,yes,yes,mother,2,1,0,no,no,yes,yes,yes,yes,4,5,4,2,4,5,30,8,8,8,11,11,10
300,GP,M,17,U,LE3,T,1,1,health,other,course,yes,yes,mother,2,1,1,no,yes,no,yes,yes,no,4,4,4,1,2,5,2,7,9,8,9,10,10
301,GP,M,17,U,LE3,T,2,2,other,other,home,no,yes,father,1,2,0,no,no,yes,yes,yes,yes,4,4,2,5,5,4,4,14,13,13,16,16,16
302,GP,M,17,U,LE3,T,2,3,services,services,reputation,no,yes,father,1,2,0,no,yes,yes,no,yes,no,5,3,3,1,3,3,2,12,11,12,10,11,11
303,GP,M,17,U,LE3,T,4,3,health,other,course,yes,yes,mother,2,2,0,no,no,no,yes,yes,yes,2,5,5,1,4,5,14,12,12,12,15,15,15
304,GP,M,17,U,LE3,T,4,3,teacher,other,course,yes,yes,mother,2,2,0,no,no,yes,yes,yes,no,4,4,4,4,4,4,4,10,9,9,10,11,11
305,GP,M,17,U,LE3,T,4,4,other,teacher,home,yes,yes,father,2,1,0,no,no,yes,no,yes,no,4,1,1,2,2,5,0,11,11,10,12,13,13
306,GP,M,17,U,LE3,T,4,4,services,other,home,yes,yes,mother,1,2,0,no,yes,yes,no,yes,yes,5,3,5,4,5,3,13,12,12,13,13,12,12
307,GP,M,17,U,LE3,T,4,4,teacher,other,reputation,yes,yes,mother,1,2,0,no,yes,yes,yes,yes,no,4,4,4,1,3,5,0,13,11,10,11,9,10
308,GP,M,18,R,GT3,T,3,2,other,other,course,no,no,mother,1,3,0,no,no,no,yes,yes,no,5,3,2,1,1,3,1,13,12,12,10,11,12
309,GP,M,18,R,GT3,T,4,3,teacher,services,course,yes,yes,mother,1,3,0,no,no,no,no,yes,yes,5,3,2,1,2,4,9,16,15,16,15,14,17
310,GP,M,18,R,LE3,A,3,4,other,other,reputation,yes,yes,mother,2,2,0,no,yes,yes,yes,yes,no,4,2,5,3,4,1,13,17,17,17,15,16,16
311,GP,M,18,R,LE3,T,3,2,services,other,reputation,yes,yes,mother,2,3,0,no,yes,yes,yes,yes,no,5,4,2,1,1,4,8,14,13,14,14,15,15
312,GP,M,18,R,LE3,T,3,3,other,services,course,yes,yes,mother,1,2,1,no,yes,no,no,yes,yes,4,3,3,1,3,5,8,3,5,5,10,9,10
313,GP,M,18,U,GT3,T,2,1,other,other,home,yes,yes,mother,1,2,0,no,no,no,yes,yes,no,5,2,4,1,2,4,8,15,14,14,16,16,16
314,GP,M,18,U,GT3,T,2,1,services,services,other,no,yes,mother,1,1,1,no,no,no,no,no,no,3,2,5,2,5,5,4,6,9,8,7,8,6
315,GP,M,18,U,GT3,T,2,1,services,services,reputation,yes,yes,mother,1,3,0,no,no,yes,yes,yes,no,4,2,4,1,3,2,6,15,14,14,14,15,15
316,GP,M,18,U,GT3,T,2,2,other,other,home,yes,yes,mother,2,2,0,no,yes,yes,no,yes,no,3,3,3,5,5,4,0,12,13,13,10,9,10
317,GP,M,18,U,GT3,T,2,2,other,services,reputation,yes,yes,father,1,2,1,no,no,no,no,no,no,5,5,4,3,5,2,0,7,7,0,8,7,8
318,GP,M,18,U,GT3,T,2,2,services,other,home,yes,yes,mother,1,2,1,no,yes,yes,yes,yes,no,4,4,4,2,4,5,15,6,7,8,12,11,11
319,GP,M,18,U,GT3,T,3,2,services,other,course,yes,yes,mother,2,1,1,no,no,no,no,no,no,4,4,5,2,4,5,0,6,8,8,7,8,7
320,GP,M,18,U,GT3,T,4,2,health,other,reputation,yes,yes,father,1,2,0,no,yes,yes,yes,yes,yes,5,4,5,1,3,5,10,10,9,10,10,12,14
321,GP,M,18,U,GT3,T,4,2,teacher,other,home,yes,yes,mother,1,2,0,no,yes,yes,yes,yes,yes,4,3,2,1,4,5,11,12,11,11,15,16,16
322,GP,M,18,U,GT3,T,4,3,teacher,other,course,no,yes,mother,1,2,0,no,yes,yes,no,yes,no,4,3,2,1,1,3,2,8,8,8,10,10,11
323,GP,M,18,U,GT3,T,4,3,teacher,other,course,yes,yes,mother,1,3,0,no,yes,yes,no,yes,yes,5,4,5,2,3,5,0,10,10,9,14,13,14
324,GP,M,18,U,GT3,T,4,4,other,other,course,yes,yes,mother,1,3,0,no,no,no,yes,yes,no,4,3,3,2,2,3,3,9,12,11,13,14,13
325,GP,M,18,U,GT3,T,4,4,teacher,services,home,yes,yes,mother,2,1,0,no,no,yes,yes,yes,no,3,2,4,1,4,3,22,9,9,9,12,12,13
326,GP,M,18,U,GT3,T,4,4,teacher,services,home,yes,yes,mother,2,1,0,no,no,yes,yes,yes,no,3,2,4,1,4,3,22,9,9,9,11,12,12
327,GP,M,18,U,GT3,T,4,4,teacher,services,home,yes,yes,father,1,2,1,no,yes,no,yes,yes,no,4,3,3,2,2,2,0,10,10,0,12,12,13
328,GP,M,18,U,GT3,T,4,4,teacher,services,home,yes,yes,father,1,2,1,no,yes,no,yes,yes,no,4,3,3,2,2,2,0,10,10,0,11,12,12
329,GP,M,18,U,LE3,A,4,4,teacher,teacher,reputation,yes,yes,mother,1,2,0,no,yes,yes,yes,yes,no,5,4,3,1,1,2,9,15,13,15,17,17,17
330,GP,M,18,U,LE3,T,1,1,other,other,course,yes,yes,mother,1,1,3,no,no,no,no,no,yes,2,3,5,2,5,4,0,6,5,0,11,9,0
331,GP,M,18,U,LE3,T,2,1,at_home,other,course,yes,yes,mother,4,2,0,yes,yes,yes,yes,yes,yes,4,3,2,4,5,3,14,10,8,9,9,10,11
332,GP,M,18,U,LE3,T,2,2,other,other,course,yes,yes,mother,1,4,0,no,yes,no,yes,yes,no,4,5,5,2,4,5,2,9,8,8,11,11,12
333,GP,M,18,U,LE3,T,3,3,services,health,home,yes,yes,father,1,2,1,no,yes,yes,no,yes,no,3,2,4,2,4,4,13,6,6,8,10,10,10
334,GP,M,18,U,LE3,T,3,4,services,other,home,yes,yes,mother,1,2,0,no,no,no,yes,yes,yes,4,3,3,1,3,5,11,16,15,15,16,16,17
335,GP,M,18,U,LE3,T,4,3,teacher,services,course,yes,yes,mother,2,1,0,no,no,yes,yes,yes,no,4,2,3,1,2,1,8,10,11,10,10,10,10
336,GP,M,18,U,LE3,T,4,4,teacher,teacher,home,yes,yes,mother,1,1,0,no,yes,yes,no,yes,yes,1,4,2,2,2,1,5,16,15,16,18,18,17
337,GP,M,19,R,GT3,T,3,3,other,services,reputation,yes,no,father,1,2,1,no,no,no,yes,yes,yes,4,5,3,1,2,5,0,15,12,12,10,10,11
338,GP,M,19,U,GT3,T,3,2,services,at_home,home,yes,yes,mother,1,1,3,no,yes,no,no,no,yes,4,5,4,1,1,4,0,5,0,0,11,9,11
339,GP,M,19,U,LE3,A,4,3,services,at_home,reputation,yes,yes,mother,1,2,0,no,yes,no,no,yes,no,4,3,1,1,1,1,12,11,11,11,11,13,14
340,GP,M,20,U,GT3,A,3,2,services,other,course,yes,no,other,1,1,0,no,no,no,yes,yes,no,5,5,3,1,1,5,0,17,18,18,14,15,15
341,GP,M,22,U,GT3,T,3,1,services,services,other,no,yes,mother,1,1,3,no,no,no,no,no,yes,5,4,5,5,5,1,16,6,8,8,7,8,5
342,MS,F,17,R,GT3,T,1,1,other,services,reputation,yes,yes,mother,3,1,1,no,yes,yes,no,yes,yes,5,2,1,1,2,1,0,7,6,0,8,8,9
343,MS,F,17,R,GT3,T,1,2,other,other,course,yes,yes,mother,1,1,0,no,no,no,yes,yes,no,3,5,5,1,3,1,14,6,5,5,7,8,9
344,MS,F,17,R,GT3,T,1,2,other,services,course,no,no,father,2,2,0,no,no,no,no,yes,no,3,2,2,1,2,3,0,12,11,12,13,13,13
345,MS,F,17,R,GT3,T,3,1,at_home,other,reputation,no,yes,mother,1,2,0,no,yes,yes,yes,yes,no,4,5,4,2,3,1,17,10,10,10,8,9,9
346,MS,F,17,R,GT3,T,4,4,teacher,services,other,yes,yes,father,2,2,0,no,yes,yes,yes,yes,no,4,3,3,1,2,5,4,12,13,13,12,12,12
347,MS,F,17,U,GT3,T,2,2,other,at_home,home,yes,no,mother,1,3,0,no,no,no,yes,yes,yes,3,4,3,1,1,3,8,13,11,11,10,11,12
348,MS,F,17,U,LE3,A,3,2,services,other,reputation,yes,no,mother,2,2,0,no,no,no,no,yes,yes,1,2,3,1,2,5,2,12,12,11,15,14,15
349,MS,F,17,U,LE3,T,4,4,at_home,at_home,course,yes,yes,mother,1,2,0,no,yes,yes,yes,yes,yes,2,3,4,1,1,1,0,16,15,15,15,14,15
350,MS,F,18,R,GT3,T,1,1,other,other,home,yes,yes,mother,4,3,0,no,no,no,no,yes,no,4,3,2,1,2,4,2,8,8,10,10,11,12
351,MS,F,18,R,GT3,T,2,2,at_home,other,other,yes,no,mother,2,3,0,no,no,yes,no,yes,no,5,3,3,1,3,4,2,10,9,10,14,17,15
352,MS,F,18,R,GT3,T,4,4,other,teacher,other,no,yes,father,3,2,0,no,yes,yes,no,yes,yes,3,2,2,4,2,5,10,14,12,11,7,5,0
353,MS,F,18,R,GT3,T,4,4,teacher,at_home,reputation,yes,yes,mother,3,1,0,no,yes,yes,yes,yes,yes,4,4,3,2,2,5,7,6,5,6,7,9,10
354,MS,F,18,R,LE3,T,4,4,other,other,reputation,yes,yes,mother,2,3,0,no,no,no,no,yes,no,5,4,4,1,1,1,0,19,18,19,15,17,17
355,MS,F,18,R,LE3,T,4,4,teacher,services,course,yes,yes,mother,1,2,0,no,no,yes,yes,yes,no,5,4,3,3,4,2,4,8,9,10,13,14,14
356,MS,F,18,U,GT3,T,1,1,other,other,course,yes,no,mother,2,2,1,no,no,no,yes,yes,no,1,1,1,1,1,5,0,6,5,0,7,8,7
357,MS,F,18,U,GT3,T,1,1,other,other,course,yes,no,mother,2,2,1,no,no,no,yes,yes,no,1,1,1,1,1,5,0,6,5,0,11,12,9
358,MS,F,18,U,GT3,T,2,3,at_home,services,course,yes,yes,father,2,1,0,no,yes,yes,no,yes,yes,5,2,3,1,2,4,0,11,10,10,10,10,10
359,MS,F,18,U,GT3,T,3,3,other,other,home,yes,yes,mother,1,2,0,no,no,yes,no,yes,yes,4,1,3,1,2,1,0,15,15,15,16,16,16
360,MS,F,18,U,GT3,T,3,3,services,services,course,yes,no,father,1,2,0,no,yes,no,no,yes,yes,5,3,4,1,1,5,0,10,9,9,10,10,10
361,MS,F,18,U,GT3,T,3,3,services,services,other,yes,yes,mother,2,2,0,no,yes,no,no,yes,yes,4,3,2,1,3,3,0,11,11,10,13,12,13
362,MS,F,18,U,LE3,T,1,1,at_home,services,course,yes,yes,father,2,3,0,no,no,no,no,yes,no,5,3,2,1,1,4,0,18,16,16,19,17,18
363,MS,F,18,U,LE3,T,3,1,teacher,services,course,yes,yes,mother,1,2,0,no,yes,yes,no,yes,no,4,3,4,1,1,1,0,7,9,8,15,15,16
364,MS,F,19,R,GT3,T,2,3,services,other,course,no,yes,mother,1,3,1,no,no,no,yes,yes,no,5,4,2,1,2,5,0,7,5,0,10,11,10
365,MS,M,17,R,GT3,T,4,3,services,other,home,no,yes,mother,2,2,0,no,yes,yes,yes,yes,yes,4,5,5,1,3,2,4,13,11,11,10,11,11
366,MS,M,17,U,GT3,T,2,3,other,services,home,yes,yes,father,2,2,0,no,no,no,yes,yes,no,4,4,3,1,1,3,2,11,11,10,14,15,16
367,MS,M,17,U,GT3,T,3,3,health,other,course,yes,yes,mother,2,2,0,no,yes,yes,no,yes,no,4,5,4,2,3,3,2,13,13,13,8,9,10
368,MS,M,17,U,LE3,T,3,1,services,services,course,no,yes,mother,2,1,0,no,no,no,no,yes,no,2,4,5,3,4,2,3,14,16,16,10,10,10
369,MS,M,18,R,GT3,T,1,3,at_home,other,course,yes,no,mother,2,2,0,no,yes,yes,no,yes,no,3,3,4,2,4,3,4,10,10,10,8,10,9
370,MS,M,18,R,GT3,T,2,1,other,other,other,no,yes,mother,2,1,0,no,no,no,yes,yes,yes,4,4,3,1,3,5,5,7,6,7,7,7,0
371,MS,M,18,R,GT3,T,3,2,other,other,course,no,yes,mother,2,1,1,no,yes,no,no,yes,no,2,5,5,5,5,5,10,11,13,13,9,10,11
372,MS,M,18,R,GT3,T,4,2,other,other,home,yes,no,father,2,1,1,no,no,yes,no,yes,no,5,4,3,4,3,3,14,6,5,5,7,7,0
373,MS,M,18,R,LE3,T,1,2,at_home,services,other,yes,yes,father,3,1,0,no,yes,yes,yes,no,yes,4,3,3,2,3,3,3,14,12,12,9,10,10
374,MS,M,18,R,LE3,T,3,2,services,other,course,no,yes,mother,3,1,0,no,no,no,no,yes,no,4,4,1,3,4,5,0,11,12,10,10,11,11
375,MS,M,18,U,GT3,T,4,4,teacher,teacher,home,no,yes,father,1,2,0,no,no,yes,yes,yes,no,3,2,4,1,4,2,4,15,14,14,17,18,19
376,MS,M,18,U,LE3,T,1,1,other,services,home,no,yes,father,2,1,0,no,no,no,no,yes,yes,3,3,2,1,2,3,4,10,10,10,14,13,14
377,MS,M,18,U,LE3,T,1,3,at_home,services,course,yes,yes,mother,1,1,1,no,no,no,no,no,yes,4,3,3,2,3,3,7,8,7,8,9,10,9
378,MS,M,18,U,LE3,T,4,4,teacher,services,other,yes,yes,mother,2,3,0,no,no,yes,no,yes,yes,4,2,2,2,2,5,0,13,13,13,15,16,16
379,MS,M,19,R,GT3,T,1,1,other,other,home,yes,yes,other,3,1,1,no,yes,no,no,yes,no,4,4,4,3,3,5,4,8,8,8,8,9,10
380,MS,M,19,R,GT3,T,1,1,other,services,home,yes,yes,other,3,2,3,no,no,no,no,yes,no,5,4,4,3,3,2,8,8,7,8,10,9,11
381,MS,M,19,R,GT3,T,1,1,other,services,other,yes,no,mother,2,1,1,no,no,no,no,yes,no,4,3,2,1,3,5,0,6,5,0,5,8,0
